id,filename,source_url,width,height,format,bytes
1,Toma_Amagase.webp,https://idolmaster-official.jp/assets/img/sidem/vender/idol/detail/main_all/1/main_all.png,1013,1230,WEBP,57340
2,Teru_Tendo.webp,https://idolmaster-official.jp/assets/img/sidem/vender/idol/detail/main_all/4/main_all.png,1013,1230,WEBP,47622
3,Minori_Watanabe.webp,https://idolmaster-official.jp/assets/img/sidem/vender/idol/detail/main_all/11/main_all.png,1013,1230,WEBP,66246
4,Ryu_Kimura.webp,https://idolmaster-official.jp/assets/img/sidem/vender/idol/detail/main_all/15/main_all.png,1013,1230,WEBP,57002
5,Hayato_Akiyama.webp,https://idolmaster-official.jp/assets/img/sidem/vender/idol/detail/main_all/20/main_all.png,1013,1230,WEBP,64256
6,Shiki_Iseya.webp,https://idolmaster-official.jp/assets/img/sidem/vender/idol/detail/main_all/24/main_all.png,1013,1230,WEBP,72008
7,Suzaku_Akai.webp,https://idolmaster-official.jp/assets/img/sidem/vender/idol/detail/main_all/25/main_all.png,1013,1230,WEBP,82706
8,Asselin_Beelzebuth_II.webp,https://idolmaster-official.jp/assets/img/sidem/vender/idol/detail/main_all/29/main_all.png,1013,1230,WEBP,72874
9,Saki_Mizushima.webp,https://idolmaster-official.jp/assets/img/sidem/vender/idol/detail/main_all/31/main_all.png,1013,1230,WEBP,56992
10,Shiro_Tachibana.webp,https://idolmaster-official.jp/assets/img/sidem/vender/idol/detail/main_all/33/main_all.png,1013,1230,WEBP,53274
11,Takeru_Taiga.webp,https://idolmaster-official.jp/assets/img/sidem/vender/idol/detail/main_all/38/main_all.png,1013,1230,WEBP,52674
12,Michiru_Enjoji.webp,https://idolmaster-official.jp/assets/img/sidem/vender/idol/detail/main_all/39/main_all.png,1013,1230,WEBP,71204
13,Ren_Kizaki.webp,https://idolmaster-official.jp/assets/img/sidem/vender/idol/detail/main_all/40/main_all.png,1013,1230,WEBP,64358
14,Daigo_Kabuto.webp,https://idolmaster-official.jp/assets/img/sidem/vender/idol/detail/main_all/42/main_all.png,1013,1230,WEBP,52822
15,Eishin_Mayumi.webp,https://idolmaster-official.jp/assets/img/sidem/vender/idol/detail/main_all/49/main_all.png,1013,1230,WEBP,46892
16,Hokuto_Ijuin.webp,https://idolmaster-official.jp/assets/img/sidem/vender/idol/detail/main_all/3/main_all.png,1013,1230,WEBP,53132
17,Kaoru_Sakuraba.webp,https://idolmaster-official.jp/assets/img/sidem/vender/idol/detail/main_all/5/main_all.png,1013,1230,WEBP,43430
18,Rei_Kagura.webp,https://idolmaster-official.jp/assets/img/sidem/vender/idol/detail/main_all/8/main_all.png,1013,1230,WEBP,48164
19,Kyoji_Takajo.webp,https://idolmaster-official.jp/assets/img/sidem/vender/idol/detail/main_all/9/main_all.png,1013,1230,WEBP,66654
20,Kyosuke_Aoi.webp,https://idolmaster-official.jp/assets/img/sidem/vender/idol/detail/main_all/13/main_all.png,1013,1230,WEBP,59128
21,Hideo_Akuno.webp,https://idolmaster-official.jp/assets/img/sidem/vender/idol/detail/main_all/14/main_all.png,1013,1230,WEBP,57796
22,Kirio_Nekoyanagi.webp,https://idolmaster-official.jp/assets/img/sidem/vender/idol/detail/main_all/17/main_all.png,1013,1230,WEBP,100440
23,Jun_Fuyumi.webp,https://idolmaster-official.jp/assets/img/sidem/vender/idol/detail/main_all/21/main_all.png,1013,1230,WEBP,66330
24,Natsuki_Sakaki.webp,https://idolmaster-official.jp/assets/img/sidem/vender/idol/detail/main_all/22/main_all.png,1013,1230,WEBP,64102
25,Genbu_Kurono.webp,https://idolmaster-official.jp/assets/img/sidem/vender/idol/detail/main_all/26/main_all.png,1013,1230,WEBP,82406
26,Soichiro_Shinonome.webp,https://idolmaster-official.jp/assets/img/sidem/vender/idol/detail/main_all/28/main_all.png,1013,1230,WEBP,47954
27,Nao_Okamura.webp,https://idolmaster-official.jp/assets/img/sidem/vender/idol/detail/main_all/32/main_all.png,1013,1230,WEBP,47916
28,Michio_Hazama.webp,https://idolmaster-official.jp/assets/img/sidem/vender/idol/detail/main_all/35/main_all.png,1013,1230,WEBP,48742
29,Jiro_Yamashita.webp,https://idolmaster-official.jp/assets/img/sidem/vender/idol/detail/main_all/37/main_all.png,1013,1230,WEBP,68460
30,Kazuki_Tsukumo.webp,https://idolmaster-official.jp/assets/img/sidem/vender/idol/detail/main_all/43/main_all.png,1013,1230,WEBP,51234
31,Amehiko_Kuzunoha.webp,https://idolmaster-official.jp/assets/img/sidem/vender/idol/detail/main_all/44/main_all.png,1013,1230,WEBP,71042
32,Chris_Koron.webp,https://idolmaster-official.jp/assets/img/sidem/vender/idol/detail/main_all/46/main_all.png,1013,1230,WEBP,66138
33,Shu_Amamine.webp,https://idolmaster-official.jp/assets/img/sidem/vender/idol/detail/main_all/47/main_all.png,1013,1230,WEBP,57186
34,Shota_Mitarai.webp,https://idolmaster-official.jp/assets/img/sidem/vender/idol/detail/main_all/2/main_all.png,1013,1230,WEBP,50212
35,Tsubasa_Kashiwagi.webp,https://idolmaster-official.jp/assets/img/sidem/vender/idol/detail/main_all/6/main_all.png,1013,1230,WEBP,57078
36,Kei_Tsuzuki.webp,https://idolmaster-official.jp/assets/img/sidem/vender/idol/detail/main_all/7/main_all.png,1013,1230,WEBP,55610
37,Pierre.webp,https://idolmaster-official.jp/assets/img/sidem/vender/idol/detail/main_all/10/main_all.png,1013,1230,WEBP,69150
38,Yusuke_Aoi.webp,https://idolmaster-official.jp/assets/img/sidem/vender/idol/detail/main_all/12/main_all.png,1013,1230,WEBP,58610
39,Seiji_Shingen.webp,https://idolmaster-official.jp/assets/img/sidem/vender/idol/detail/main_all/16/main_all.png,1013,1230,WEBP,56658
40,Shoma_Hanamura.webp,https://idolmaster-official.jp/assets/img/sidem/vender/idol/detail/main_all/18/main_all.png,1013,1230,WEBP,105792
41,Kuro_Kiyosumi.webp,https://idolmaster-official.jp/assets/img/sidem/vender/idol/detail/main_all/19/main_all.png,1013,1230,WEBP,59990
42,Haruna_Wakazato.webp,https://idolmaster-official.jp/assets/img/sidem/vender/idol/detail/main_all/23/main_all.png,1013,1230,WEBP,152312
43,Yukihiro_Kamiya.webp,https://idolmaster-official.jp/assets/img/sidem/vender/idol/detail/main_all/27/main_all.png,1013,1230,WEBP,62058
44,Makio_Uzuki.webp,https://idolmaster-official.jp/assets/img/sidem/vender/idol/detail/main_all/30/main_all.png,1013,1230,WEBP,56420
45,Kanon_Himeno.webp,https://idolmaster-official.jp/assets/img/sidem/vender/idol/detail/main_all/34/main_all.png,1013,1230,WEBP,42096
46,Rui_Maita.webp,https://idolmaster-official.jp/assets/img/sidem/vender/idol/detail/main_all/36/main_all.png,1013,1230,WEBP,56744
47,Ryo_Akizuki.webp,https://idolmaster-official.jp/assets/img/sidem/vender/idol/detail/main_all/41/main_all.png,1013,1230,WEBP,55334
48,Sora_Kitamura.webp,https://idolmaster-official.jp/assets/img/sidem/vender/idol/detail/main_all/45/main_all.png,1013,1230,WEBP,53638
49,Momohito_Hanazono.webp,https://idolmaster-official.jp/assets/img/sidem/vender/idol/detail/main_all/48/main_all.png,1013,1230,WEBP,49846
